[
  { "question": "Which layer of the OSI model is responsible for routing between networks?", 
    "options": ["Data Link","Network","Transport","Application"], 
    "answer": 1 },

  {
    "question": "Which layer of the OSI model is responsible for routing between networks?",
    "options": ["Data Link", "Network", "Transport", "Application"],
    "answer": 1
  },
  {
    "question": "Which protocol provides reliable, connection-oriented communication?",
    "options": ["UDP", "ICMP", "TCP", "ARP"],
    "answer": 2
  },
  {
    "question": "What does DHCP do in a network?",
    "options": ["Resolves domain names", "Assigns IP addresses automatically", "Encrypts traffic", "Forwards packets between networks"],
    "answer": 1
  },
  {
    "question": "Which address is unique to a network interface card (NIC)?",
    "options": ["IP address", "MAC address", "Subnet mask", "Default gateway"],
    "answer": 1
  },
  {
    "question": "Which protocol translates domain names like example.com to IP addresses?",
    "options": ["DHCP", "DNS", "FTP", "SMTP"],
    "answer": 1
  },
  {
    "question": "What port number is normally used by HTTP?",
    "options": ["21", "22", "80", "443"],
    "answer": 2
  },
  {
    "question": "Which protocol is connectionless and used for streaming?",
    "options": ["TCP", "UDP", "ARP", "SSH"],
    "answer": 1
  },
  {
    "question": "What is the function of ARP (Address Resolution Protocol)?",
    "options": ["Map domain names to IPs", "Map IP addresses to MAC addresses", "Assign IP addresses", "Route packets"],
    "answer": 1
  },
  {
    "question": "Which device operates primarily at the Data Link layer and forwards frames by MAC address?",
    "options": ["Router", "Switch", "Hub", "Firewall"],
    "answer": 1
  },
  {
    "question": "What does NAT (Network Address Translation) do?",
    "options": ["Converts domain names", "Translates private IPs to public IPs", "Encrypts packets", "Blocks traffic"],
    "answer": 1
  },
  {
    "question": "Which IP version has 128-bit addresses?",
    "options": ["IPv4", "IPv6", "Both", "Neither"],
    "answer": 1
  },
  {
    "question": "What is the main difference between a switch and a hub?",
    "options": ["Switches operate at layer 3, hubs at layer 2", "Switches forward by MAC, hubs broadcast to all ports", "Hubs are smarter than switches", "Switches and hubs are identical"],
    "answer": 1
  },
  {
    "question": "Which tool uses ICMP to test connectivity to another host?",
    "options": ["traceroute", "ftp", "ping", "nslookup"],
    "answer": 2
  },
  {
    "question": "Which protocol secures web traffic with encryption (HTTPS)?",
    "options": ["TLS/SSL", "FTP", "Telnet", "SMTP"],
    "answer": 0
  },
  {
    "question": "What is a subnet mask used for?",
    "options": ["To encrypt data", "To divide an IP network into subnets", "To assign DNS servers", "To route between ISPs"],
    "answer": 1
  },
  {
    "question": "Which protocol is used to transfer files between hosts?",
    "options": ["FTP", "SMTP", "DNS", "ARP"],
    "answer": 0
  },
  {
    "question": "Which layer of the OSI model provides end-to-end communication and flow control?",
    "options": ["Application", "Transport", "Network", "Physical"],
    "answer": 1
  },
  {
    "question": "What is a default gateway?",
    "options": ["The primary DNS server", "A router that forwards traffic to outside networks", "A firewall rule", "A MAC address"],
    "answer": 1
  },
  {
    "question": "What does VLAN stand for?",
    "options": ["Virtual Local Area Network", "Variable LAN Address Node", "Verified LAN Access", "Virtual Link Aggregation Name"],
    "answer": 0
  },
  {
    "question": "Which statement describes latency?",
    "options": ["Amount of data transferred per second", "Delay between sending and receiving data", "Number of active connections", "Size of a packet"],
    "answer": 1
  }
]

